Course ID,Discipline,Key,Course Name,Institute,Duration,Start date,End date,Exam date,Enrollment End date,Exam Registration End date,Click here to Join the course, , , , 
noc26-ge105,"Any Engineering, Science and Management Disciplines",CS,Artificial Intelligence in Industrial and Management Engineering,IIT Kanpur,8 Weeks,"Aug 17, 2026","Oct 9, 2026","Oct 23, 2026","Aug 17, 2026","Aug 28, 2026",https://onlinecourses.nptel.ac.in/e-learning/preview/noc26_ge105,,,,
noc26-ge81,"Any Engineering, Science and Management Disciplines",CS,Carbon Accounting and Sustainable Designs in Product Lifecycle Management,IIT Kanpur,12 Weeks,"Jul 20, 2026","Oct 9, 2026","Oct 23, 2026","Jul 27, 2026","Aug 14, 2026",https://onlinecourses.nptel.ac.in/e-learning/preview/noc26_ge81,,,,
noc26-cs94,Computer Science,CS,Intermediary Algorithm,IISc Bangalore,12 Weeks,"Jul 20, 2026","Oct 9, 2026","Oct 17, 2026","Jul 27, 2026","Aug 14, 2026",https://onlinecourses.nptel.ac.in/e-learning/preview/noc26_cs94,,,,
noc26-cs95,Computer Science,CS,Fundamentals of Generative AI and Large Language Models: Theory and Practice,IISc Bangalore,12 Weeks,"Jul 20, 2026","Oct 9, 2026","Oct 18, 2026","Jul 27, 2026","Aug 14, 2026",https://onlinecourses.nptel.ac.in/e-learning/preview/noc26_cs95,,,,
noc26-cs94,Computer Science,CS,Human Resource Development,IISc Bangalore,12 Weeks,"Jul 20, 2026","Oct 9, 2026","Oct 17, 2026","Jul 27, 2026","Aug 14, 2026",https://onlinecourses.nptel.ac.in/e-learning/preview/noc26_cs94,,,,
noc26-cs95,Computer Science,CS,Introduction to Market Structures,IISc Bangalore,12 Weeks,"Jul 20, 2026","Oct 9, 2026","Oct 18, 2026","Jul 27, 2026","Aug 14, 2026",https://onlinecourses.nptel.ac.in/e-learning/preview/noc26_cs95,,,,
noc26-cs103,Computer Science and Engineering,CS,Foundations of Immersive Design for AR/VR,IIT Kanpur,12 Weeks,"Jul 20, 2026","Oct 9, 2026","Oct 23, 2026","Jul 27, 2026","Aug 14, 2026",https://onlinecourses.nptel.ac.in/e-learning/preview/noc26_cs103,,,,
noc26-cs104,Computer Science and Engineering,CS,Generative AI for Computer Vision,IIT Guwahati,12 Weeks,"Jul 20, 2026","Oct 9, 2026","Oct 24, 2026","Jul 27, 2026","Aug 14, 2026",https://onlinecourses.nptel.ac.in/e-learning/preview/noc26_cs104,,,,
noc26-cs100,Computer Science and Engineering,CS,Privacy Enabling Techniques (PETS),IIT Kharagpur,12 Weeks,"Jul 20, 2026","Oct 9, 2026","Oct 16, 2026","Jul 27, 2026","Aug 14, 2026",https://onlinecourses.nptel.ac.in/e-learning/preview/noc26_cs100,,,,
noc26-cs101,Computer Science and Engineering,CS,Theory and Practice of Modern Cryptography,IIT Kharagpur,12 Weeks,"Jul 20, 2026","Oct 9, 2026","Oct 17, 2026","Jul 27, 2026","Aug 14, 2026",https://onlinecourses.nptel.ac.in/e-learning/preview/noc26_cs101,,,,
noc26-cs102,Computer Science and Engineering,CS,Foundations of Machine Learning,IIT Madras,12 Weeks,"Jul 20, 2026","Oct 9, 2026","Oct 18, 2026","Jul 27, 2026","Aug 14, 2026",https://onlinecourses.nptel.ac.in/e-learning/preview/noc26_cs102,,,,
noc26-cs105,Computer Science and Engineering,CS,Demystifying Networking,IIT Bombay,4 Weeks,"Jul 20, 2026","Aug 14, 2026","Sep 20, 2026","Jul 27, 2026","Aug 14, 2026",https://onlinecourses.nptel.ac.in/e-learning/preview/noc26_cs105,,,,
noc26-cs106,Computer Science and Engineering,CS,C Programming and Assembly Language,IIT Madras,4 Weeks,"Jul 20, 2026","Aug 14, 2026","Sep 19, 2026","Jul 27, 2026","Aug 14, 2026",https://onlinecourses.nptel.ac.in/e-learning/preview/noc26_cs106,,,,
noc26-cs113,Computer Science and Engineering,CS,Introduction to programming in C,IIT Kanpur,8 Weeks,"Jul 20, 2026","Sep 11, 2026","Sep 20, 2026","Jul 27, 2026","Aug 14, 2026",https://onlinecourses.nptel.ac.in/e-learning/preview/noc26_cs113,,,,
noc26-cs114,Computer Science and Engineering,CS,Theory of Computation,IIT Kanpur,8 Weeks,"Jul 20, 2026","Sep 11, 2026","Sep 19, 2026","Jul 27, 2026","Aug 14, 2026",https://onlinecourses.nptel.ac.in/e-learning/preview/noc26_cs114,,,,
noc26-cs115,Computer Science and Engineering,CS,Distributed Systems,IIT Kanpur,8 Weeks,"Jul 20, 2026","Sep 11, 2026","Sep 20, 2026","Jul 27, 2026","Aug 14, 2026",https://onlinecourses.nptel.ac.in/e-learning/preview/noc26_cs115,,,,
noc26-cs107,Computer Science and Engineering,CS,Python for Data Science,IIT Madras,4 Weeks,"Jul 20, 2026","Aug 14, 2026","Sep 19, 2026","Jul 27, 2026","Aug 14, 2026",https://onlinecourses.nptel.ac.in/e-learning/preview/noc26_cs107,,,,
noc26-cs108,Computer Science and Engineering,CS,Introduction to Graph Algorithms,IISc Bangalore,8 Weeks,"Jul 20, 2026","Sep 11, 2026","Sep 20, 2026","Jul 27, 2026","Aug 14, 2026",https://onlinecourses.nptel.ac.in/e-learning/preview/noc26_cs108,,,,
noc26-cs109,Computer Science and Engineering,CS,"Programming, Data Structures And Algorithms Using Python",IIT Madras,8 Weeks,"Jul 20, 2026","Sep 11, 2026","Sep 19, 2026","Jul 27, 2026","Aug 14, 2026",https://onlinecourses.nptel.ac.in/e-learning/preview/noc26_cs109,,,,
noc26-cs110,Computer Science and Engineering,CS,Design and analysis of algorithms,IIT Madras,8 Weeks,"Jul 20, 2026","Sep 11, 2026","Sep 19, 2026","Jul 27, 2026","Aug 14, 2026",https://onlinecourses.nptel.ac.in/e-learning/preview/noc26_cs110,,,,
noc26-cs111,Computer Science and Engineering,CS,Introduction to Machine Learning (Tamil),IIT Madras,8 Weeks,"Jul 20, 2026","Sep 11, 2026","Sep 19, 2026","Jul 27, 2026","Aug 14, 2026",https://onlinecourses.nptel.ac.in/e-learning/preview/noc26_cs111,,,,
noc26-cs112,Computer Science and Engineering,CS,Data Science for Engineers,IIT Madras,8 Weeks,"Jul 20, 2026","Sep 11, 2026","Sep 19, 2026","Jul 27, 2026","Aug 14, 2026",https://onlinecourses.nptel.ac.in/e-learning/preview/noc26_cs112,,,,
noc26-cs116,Computer Science and Engineering,CS,Foundations and Applications of Machine Learning (Bengali),IIT Kharagpur,8 Weeks,"Jul 20, 2026","Sep 11, 2026","Sep 19, 2026","Jul 27, 2026","Aug 14, 2026",https://onlinecourses.nptel.ac.in/e-learning/preview/noc26_cs116,,,,
noc26-cs117,Computer Science and Engineering,CS,Data Base Management System,IIT Kharagpur,8 Weeks,"Jul 20, 2026","Sep 11, 2026","Sep 20, 2026","Jul 27, 2026","Aug 14, 2026",https://onlinecourses.nptel.ac.in/e-learning/preview/noc26_cs117,,,,
noc26-cs118,Computer Science and Engineering,CS,Artificial Intelligence for Economics,IIT Kharagpur,8 Weeks,"Jul 20, 2026","Sep 11, 2026","Sep 19, 2026","Jul 27, 2026","Aug 14, 2026",https://onlinecourses.nptel.ac.in/e-learning/preview/noc26_cs118,,,,
noc26-cs119,Computer Science and Engineering,CS,Introduction to Machine Learning - IITKGP,IIT Kharagpur,8 Weeks,"Jul 20, 2026","Sep 11, 2026","Sep 19, 2026","Jul 27, 2026","Aug 14, 2026",https://onlinecourses.nptel.ac.in/e-learning/preview/noc26_cs119,,,,
noc26-cs120,Computer Science and Engineering,CS,Hardware Modeling using Verilog,IIT Kharagpur,8 Weeks,"Jul 20, 2026","Sep 11, 2026","Sep 19, 2026","Jul 27, 2026","Aug 14, 2026",https://onlinecourses.nptel.ac.in/e-learning/preview/noc26_cs120,,,,
noc26-cs121,computer Science and Engineering,CS,Machine Learning for Earth System Sciences,IIT Kharagpur,8 Weeks,"Jul 20, 2026","Sep 11, 2026","Sep 19, 2026","Jul 27, 2026","Aug 14, 2026",https://onlinecourses.nptel.ac.in/e-learning/preview/noc26_cs121,,,,
noc26-cs122,Computer Science and Engineering,CS,Scalable Data Science,IIT Kharagpur,8 Weeks,"Jul 20, 2026","Sep 11, 2026","Sep 19, 2026","Jul 27, 2026","Aug 14, 2026",https://onlinecourses.nptel.ac.in/e-learning/preview/noc26_cs122,,,,
noc26-cs123,Computer Science and Engineering,CS,Introduction to Operating Systems,IIT Madras,8 Weeks,"Jul 20, 2026","Sep 11, 2026","Sep 20, 2026","Jul 27, 2026","Aug 14, 2026",https://onlinecourses.nptel.ac.in/e-learning/preview/noc26_cs123,,,,
noc26-cs124,Computer Science and Engineering,CS,Stochastic Approximation: Theory and Applications,IISc Bangalore,12 Weeks,"Jul 20, 2026","Oct 9, 2026","Oct 25, 2026","Jul 27, 2026","Aug 14, 2026",https://onlinecourses.nptel.ac.in/e-learning/preview/noc26_cs124,,,,
noc26-cs125,Computer Science and Engineering,CS,Discrete Mathematics - IIITB,IISc Bangalore,12 Weeks,"Jul 20, 2026","Oct 9, 2026","Oct 16, 2026","Jul 27, 2026","Aug 14, 2026",https://onlinecourses.nptel.ac.in/e-learning/preview/noc26_cs125,,,,
noc26-cs126,Computer Science and Engineering,CS,Secure Computation: Part II,IISc Bangalore,12 Weeks,"Jul 20, 2026","Oct 9, 2026","Oct 17, 2026","Jul 27, 2026","Aug 14, 2026",https://onlinecourses.nptel.ac.in/e-learning/preview/noc26_cs126,,,,
noc26-cs127,Computer Science and Engineering,CS,Linear Algebra Through Geometry,IISc Bangalore,12 Weeks,"Jul 20, 2026","Oct 9, 2026","Oct 18, 2026","Jul 27, 2026","Aug 14, 2026",https://onlinecourses.nptel.ac.in/e-learning/preview/noc26_cs127,,,,
noc26-cs128,Computer Science and Engineering,CS,Mathematical Foundations for Machine Learning,IISc Bangalore,12 Weeks,"Jul 20, 2026","Oct 9, 2026","Oct 23, 2026","Jul 27, 2026","Aug 14, 2026",https://onlinecourses.nptel.ac.in/e-learning/preview/noc26_cs128,,,,
noc26-cs129,Computer Science and Engineering,CS,Artificial Intelligence: Concepts and Techniques,IISc Bangalore,12 Weeks,"Jul 20, 2026","Oct 9, 2026","Oct 24, 2026","Jul 27, 2026","Aug 14, 2026",https://onlinecourses.nptel.ac.in/e-learning/preview/noc26_cs129,,,,
noc26-cs131,Computer Science and Engineering,CS,Software Testing,IIT Madras,12 Weeks,"Jul 20, 2026","Oct 9, 2026","Oct 16, 2026","Jul 27, 2026","Aug 14, 2026",https://onlinecourses.nptel.ac.in/e-learning/preview/noc26_cs131,,,,
noc26-cs132,Computer Science and Engineering,CS,Artificial Intelligence: Search Methods for Problem solving,IIT Madras,12 Weeks,"Jul 20, 2026","Oct 9, 2026","Oct 17, 2026","Jul 27, 2026","Aug 14, 2026",https://onlinecourses.nptel.ac.in/e-learning/preview/noc26_cs132,,,,
noc26-cs133,Computer Science and Engineering,CS,Introduction to Machine Learning,IIT Madras,12 Weeks,"Jul 20, 2026","Oct 9, 2026","Oct 18, 2026","Jul 27, 2026","Aug 14, 2026",https://onlinecourses.nptel.ac.in/e-learning/preview/noc26_cs133,,,,
noc26-cs134,Computer Science and Engineering,CS,Reinforcement Learning,IIT Madras,12 Weeks,"Jul 20, 2026","Oct 9, 2026","Oct 23, 2026","Jul 27, 2026","Aug 14, 2026",https://onlinecourses.nptel.ac.in/e-learning/preview/noc26_cs134,,,,
noc26-cs135,Computer Science and Engineering,CS,Social Networks,IIT Madras,12 Weeks,"Jul 20, 2026","Oct 9, 2026","Oct 24, 2026","Jul 27, 2026","Aug 14, 2026",https://onlinecourses.nptel.ac.in/e-learning/preview/noc26_cs135,,,,
noc26-cs136,Computer Science and Engineering,CS,The Joy of Computing using Python,IIT Madras,12 Weeks,"Jul 20, 2026","Oct 9, 2026","Oct 25, 2026","Jul 27, 2026","Aug 14, 2026",https://onlinecourses.nptel.ac.in/e-learning/preview/noc26_cs136,,,,
noc26-cs137,Computer Science and Engineering,CS,Discrete Mathematics,IIT Madras,12 Weeks,"Jul 20, 2026","Oct 9, 2026","Oct 16, 2026","Jul 27, 2026","Aug 14, 2026",https://onlinecourses.nptel.ac.in/e-learning/preview/noc26_cs137,,,,
noc26-cs146,Computer Science and Engineering,CS,Data Structures and Algorithms Design,IIT Kanpur,12 Weeks,"Jul 20, 2026","Oct 9, 2026","Oct 17, 2026","Jul 27, 2026","Aug 14, 2026",https://onlinecourses.nptel.ac.in/e-learning/preview/noc26_cs146,,,,
noc26-cs138,Computer Science and Engineering,CS,Deep Learning - IIT Ropar,IIT Madras,12 Weeks,"Jul 20, 2026","Oct 9, 2026","Oct 17, 2026","Jul 27, 2026","Aug 14, 2026",https://onlinecourses.nptel.ac.in/e-learning/preview/noc26_cs138,,,,
noc26-cs148,Computer Science and Engineering,CS,Arithmetic Circuit Complexity,IIT Kanpur,12 Weeks,"Jul 20, 2026","Oct 9, 2026","Oct 18, 2026","Jul 27, 2026","Aug 14, 2026",https://onlinecourses.nptel.ac.in/e-learning/preview/noc26_cs148,,,,
noc26-cs149,Computer Science and Engineering,CS,Computational Number Theory and Algebra,IIT Kanpur,12 Weeks,"Jul 20, 2026","Oct 9, 2026","Oct 23, 2026","Jul 27, 2026","Aug 14, 2026",https://onlinecourses.nptel.ac.in/e-learning/preview/noc26_cs149,,,,
noc26-cs139,Computer Science and Engineering,CS,Human Computer Interaction (In Hindi),IIT Madras,12 Weeks,"Jul 20, 2026","Oct 9, 2026","Oct 18, 2026","Jul 27, 2026","Aug 14, 2026",https://onlinecourses.nptel.ac.in/e-learning/preview/noc26_cs139,,,,
noc26-cs141,Computer Science and Engineering,CS,Privacy and Security in Online Social Media,IIT Madras,12 Weeks,"Jul 20, 2026","Oct 9, 2026","Oct 24, 2026","Jul 27, 2026","Aug 14, 2026",https://onlinecourses.nptel.ac.in/e-learning/preview/noc26_cs141,,,,
noc26-cs142,Computer Science and Engineering,CS,Computational Complexity,IIT Madras,12 Weeks,"Jul 20, 2026","Oct 9, 2026","Oct 25, 2026","Jul 27, 2026","Aug 14, 2026",https://onlinecourses.nptel.ac.in/e-learning/preview/noc26_cs142,,,,
noc26-cs144,Computer Science and Engineering,CS,Cyber Security and Privacy,IIT Madras,12 Weeks,"Jul 20, 2026","Oct 9, 2026","Oct 25, 2026","Jul 27, 2026","Aug 14, 2026",https://onlinecourses.nptel.ac.in/e-learning/preview/noc26_cs144,,,,
noc26-cs145,Computer Science and Engineering,CS,Responsible & Safe AI Systems,IIT Madras,12 Weeks,"Jul 20, 2026","Oct 9, 2026","Oct 18, 2026","Jul 27, 2026","Aug 14, 2026",https://onlinecourses.nptel.ac.in/e-learning/preview/noc26_cs145,,,,
noc26-cs147,Computer Science and Engineering,CS,Second Level Algorithms,IIT Kharagpur,12 Weeks,"Jul 20, 2026","Oct 9, 2026","Oct 17, 2026","Jul 27, 2026","Aug 14, 2026",https://onlinecourses.nptel.ac.in/e-learning/preview/noc26_cs147,,,,
noc26-cs150,Computer Science and Engineering,CS,Cloud Computing,IIT Kharagpur,12 Weeks,"Jul 20, 2026","Oct 9, 2026","Oct 18, 2026","Jul 27, 2026","Aug 14, 2026",https://onlinecourses.nptel.ac.in/e-learning/preview/noc26_cs150,,,,
noc26-cs151,Computer Science and Engineering,CS,Software Engineering,IIT Kharagpur,12 Weeks,"Jul 20, 2026","Oct 9, 2026","Oct 23, 2026","Jul 27, 2026","Aug 14, 2026",https://onlinecourses.nptel.ac.in/e-learning/preview/noc26_cs151,,,,
noc26-cs152,Computer Science and Engineering,CS,Software Project Management,IIT Kharagpur,12 Weeks,"Jul 20, 2026","Oct 9, 2026","Oct 24, 2026","Jul 27, 2026","Aug 14, 2026",https://onlinecourses.nptel.ac.in/e-learning/preview/noc26_cs152,,,,
noc26-cs153,Computer Science and Engineering,CS,Programming In Java,IIT Kharagpur,12 Weeks,"Jul 20, 2026","Oct 9, 2026","Oct 25, 2026","Jul 27, 2026","Aug 14, 2026",https://onlinecourses.nptel.ac.in/e-learning/preview/noc26_cs153,,,,
noc26-cs154,Computer Science and Engineering,CS,Statistical Learning for Reliability Analysis,IIT Kharagpur,12 Weeks,"Jul 20, 2026","Oct 9, 2026","Oct 16, 2026","Jul 27, 2026","Aug 14, 2026",https://onlinecourses.nptel.ac.in/e-learning/preview/noc26_cs154,,,,
noc26-cs155,Computer Science and Engineering,CS,Problem Solving through Programming in C,IIT Kharagpur,12 Weeks,"Jul 20, 2026","Oct 9, 2026","Oct 24, 2026","Jul 27, 2026","Aug 14, 2026",https://onlinecourses.nptel.ac.in/e-learning/preview/noc26_cs155,,,,
noc26-cs156,Computer Science and Engineering,CS,Operating System Fundamentals,IIT Kharagpur,12 Weeks,"Jul 20, 2026","Oct 9, 2026","Oct 18, 2026","Jul 27, 2026","Aug 14, 2026",https://onlinecourses.nptel.ac.in/e-learning/preview/noc26_cs156,,,,
noc26-cs157,Computer Science and Engineering,CS,Ethical Hacking,IIT Kharagpur,12 Weeks,"Jul 20, 2026","Oct 9, 2026","Oct 23, 2026","Jul 27, 2026","Aug 14, 2026",https://onlinecourses.nptel.ac.in/e-learning/preview/noc26_cs157,,,,
noc26-cs158,Computer Science and Engineering,CS,Computer Vision,IIT Kharagpur,12 Weeks,"Jul 20, 2026","Oct 9, 2026","Oct 24, 2026","Jul 27, 2026","Aug 14, 2026",https://onlinecourses.nptel.ac.in/e-learning/preview/noc26_cs158,,,,
noc26-cs159,Computer Science and Engineering,CS,Programming in Modern C++,IIT Kharagpur,12 Weeks,"Jul 20, 2026","Oct 9, 2026","Oct 24, 2026","Jul 27, 2026","Aug 14, 2026",https://onlinecourses.nptel.ac.in/e-learning/preview/noc26_cs159,,,,
noc26-cs160,Computer Science and Engineering,CS,Introduction to Industry 4.0 and Industrial Internet of Things,IIT Kharagpur,12 Weeks,"Jul 20, 2026","Oct 9, 2026","Oct 16, 2026","Jul 27, 2026","Aug 14, 2026",https://onlinecourses.nptel.ac.in/e-learning/preview/noc26_cs160,,,,
noc26-cs161,Computer Science and Engineering,CS,Introduction to Internet of Things,IIT Kharagpur,12 Weeks,"Jul 20, 2026","Oct 9, 2026","Oct 17, 2026","Jul 27, 2026","Aug 14, 2026",https://onlinecourses.nptel.ac.in/e-learning/preview/noc26_cs161,,,,
noc26-cs168,Computer Science and Engineering,CS,Computer Architecture,IIT Delhi,12 Weeks,"Jul 20, 2026","Oct 9, 2026","Oct 18, 2026","Jul 27, 2026","Aug 14, 2026",https://onlinecourses.nptel.ac.in/e-learning/preview/noc26_cs168,,,,
noc26-cs169,Computer Science and Engineering,CS,Advanced Distributed Systems,IIT Delhi,12 Weeks,"Jul 20, 2026","Oct 9, 2026","Oct 23, 2026","Jul 27, 2026","Aug 14, 2026",https://onlinecourses.nptel.ac.in/e-learning/preview/noc26_cs169,,,,
noc26-cs170,Computer Science and Engineering,CS,Social Network Analysis,IIT Delhi,12 Weeks,"Jul 20, 2026","Oct 9, 2026","Oct 16, 2026","Jul 27, 2026","Aug 14, 2026",https://onlinecourses.nptel.ac.in/e-learning/preview/noc26_cs170,,,,
noc26-cs171,Computer Science and Engineering,CS,Introduction to Large Language Models (LLMs),IIT Delhi,12 Weeks,"Jul 20, 2026","Oct 9, 2026","Oct 23, 2026","Jul 27, 2026","Aug 14, 2026",https://onlinecourses.nptel.ac.in/e-learning/preview/noc26_cs171,,,,
noc26-cs162,Computer Science and Engineering,CS,Data Structure and Algorithms using Java,IIT Kharagpur,12 Weeks,"Jul 20, 2026","Oct 9, 2026","Oct 23, 2026","Jul 27, 2026","Aug 14, 2026",https://onlinecourses.nptel.ac.in/e-learning/preview/noc26_cs162,,,,
noc26-cs163,Computer Science and Engineering,CS,Introduction to Algorithms and Analysis,IIT Kharagpur,12 Weeks,"Jul 20, 2026","Oct 9, 2026","Oct 23, 2026","Jul 27, 2026","Aug 14, 2026",https://onlinecourses.nptel.ac.in/e-learning/preview/noc26_cs163,,,,
noc26-cs164,Computer Science and Engineering,CS,Algorithmic Game Theory,IIT Kharagpur,12 Weeks,"Jul 20, 2026","Oct 9, 2026","Oct 24, 2026","Jul 27, 2026","Aug 14, 2026",https://onlinecourses.nptel.ac.in/e-learning/preview/noc26_cs164,,,,
noc26-cs175,Computer Science and Engineering,CS,C-Based VLSI Design,IIT Guwahati,12 Weeks,"Jul 20, 2026","Oct 9, 2026","Oct 23, 2026","Jul 27, 2026","Aug 14, 2026",https://onlinecourses.nptel.ac.in/e-learning/preview/noc26_cs175,,,,
noc26-cs176,Computer Science and Engineering,CS,Multi-Core Computer Architecture,IIT Guwahati,12 Weeks,"Jul 20, 2026","Oct 9, 2026","Oct 18, 2026","Jul 27, 2026","Aug 14, 2026",https://onlinecourses.nptel.ac.in/e-learning/preview/noc26_cs176,,,,
noc26-cs177,Computer Science and Engineering,CS,Design & Implementation Of Human-Computer Interfaces,IIT Guwahati,12 Weeks,"Jul 20, 2026","Oct 9, 2026","Oct 23, 2026","Jul 27, 2026","Aug 14, 2026",https://onlinecourses.nptel.ac.in/e-learning/preview/noc26_cs177,,,,
noc26-cs178,Computer Science and Engineering,CS,Computer Graphics,IIT Guwahati,8 Weeks (Rerun) + 4 Weeks (New),"Jul 20, 2026","Oct 9, 2026","Oct 16, 2026","Jul 27, 2026","Aug 14, 2026",https://onlinecourses.nptel.ac.in/e-learning/preview/noc26_cs178,,,,
noc26-cs179,Computer Science and Engineering,CS,Applied Accelerated Artificial Intelligence,IIT Guwahati,12 Weeks,"Jul 20, 2026","Oct 9, 2026","Oct 18, 2026","Jul 27, 2026","Aug 14, 2026",https://onlinecourses.nptel.ac.in/e-learning/preview/noc26_cs179,,,,
noc26-cs165,Computer Science and Engineering,CS,Approximation Algorithm,IIT Kharagpur,12 Weeks,"Jul 20, 2026","Oct 9, 2026","Oct 25, 2026","Jul 27, 2026","Aug 14, 2026",https://onlinecourses.nptel.ac.in/e-learning/preview/noc26_cs165,,,,
noc26-cs166,Computer Science and Engineering,CS,Computer Architecture and Organization,IIT Kharagpur,12 Weeks,"Jul 20, 2026","Oct 9, 2026","Oct 16, 2026","Jul 27, 2026","Aug 14, 2026",https://onlinecourses.nptel.ac.in/e-learning/preview/noc26_cs166,,,,
noc26-cs182,Computer Science and Engineering,CS,"Artificial Intelligence: Foundations and Algorithms

Old course name: An Introduction to Artificial Intelligence",IIT Delhi,12 Weeks,"Jul 20, 2026","Oct 9, 2026","Oct 25, 2026","Jul 27, 2026","Aug 14, 2026",https://onlinecourses.nptel.ac.in/e-learning/preview/noc26_cs182,,,,
noc26-cs167,Computer Science and Engineering,CS,Real-Time Systems,IIT Kharagpur,12 Weeks,"Jul 20, 2026","Oct 9, 2026","Oct 17, 2026","Jul 27, 2026","Aug 14, 2026",https://onlinecourses.nptel.ac.in/e-learning/preview/noc26_cs167,,,,
noc26-cs172,Computer Science and Engineering,CS,Parameterized Algorithms,IIT Madras,12 Weeks,"Jul 20, 2026","Oct 9, 2026","Oct 17, 2026","Jul 27, 2026","Aug 14, 2026",https://onlinecourses.nptel.ac.in/e-learning/preview/noc26_cs172,,,,
noc26-cs173,Computer Science and Engineering,CS,Getting Started With Competitive Programming,IIT Madras,12 Weeks,"Jul 20, 2026","Oct 9, 2026","Oct 17, 2026","Jul 27, 2026","Aug 14, 2026",https://onlinecourses.nptel.ac.in/e-learning/preview/noc26_cs173,,,,
noc26-cs187,Computer Science and Engineering,CS,Linear programming and its applications to computer science,IIT Kanpur,8 Weeks,"Aug 17, 2026","Oct 9, 2026","Oct 25, 2026","Aug 17, 2026","Aug 28, 2026",https://onlinecourses.nptel.ac.in/e-learning/preview/noc26_cs187,,,,
noc26-cs174,Computer Science and Engineering,CS,Deep Learning for Computer Vision,IIT Madras,12 Weeks,"Jul 20, 2026","Oct 9, 2026","Oct 18, 2026","Jul 27, 2026","Aug 14, 2026",https://onlinecourses.nptel.ac.in/e-learning/preview/noc26_cs174,,,,
noc26-cs189,Computer Science and Engineering,CS,Big Data Computing,IIT Kanpur,8 Weeks,"Aug 17, 2026","Oct 9, 2026","Oct 17, 2026","Aug 17, 2026","Aug 28, 2026",https://onlinecourses.nptel.ac.in/e-learning/preview/noc26_cs189,,,,
noc26-cs180,Computer Science and Engineering,CS,Natural Language Processing,IIT Kharagpur,12 Weeks,"Jul 20, 2026","Oct 9, 2026","Oct 17, 2026","Jul 27, 2026","Aug 14, 2026",https://onlinecourses.nptel.ac.in/e-learning/preview/noc26_cs180,,,,
noc26-cs92,Computer Science and Engineering,CS,Formal Methods for System Verification,IIT Guwahati,12 Weeks,"Jul 20, 2026","Oct 9, 2026","Oct 25, 2026","Jul 27, 2026","Aug 14, 2026",https://onlinecourses.nptel.ac.in/e-learning/preview/noc26_cs92,,,,
noc26-cs181,Computer Science and Engineering,CS,Deep Learning for Natural Language Processing,IIT Kharagpur,12 Weeks,"Jul 20, 2026","Oct 9, 2026","Oct 18, 2026","Jul 27, 2026","Aug 14, 2026",https://onlinecourses.nptel.ac.in/e-learning/preview/noc26_cs181,,,,
noc26-cs184,Computer Science and Engineering,CS,Introduction to Computer and Network Performance Analysis using Queuing Systems,IIT Bombay,4 Weeks,"Aug 17, 2026","Sep 11, 2026","Oct 17, 2026","Aug 17, 2026","Aug 28, 2026",https://onlinecourses.nptel.ac.in/e-learning/preview/noc26_cs184,,,,
noc26-cs185,Computer Science and Engineering,CS,Software Conceptual Design,IIT Bombay,4 Weeks,"Aug 17, 2026","Sep 11, 2026","Oct 18, 2026","Aug 17, 2026","Aug 28, 2026",https://onlinecourses.nptel.ac.in/e-learning/preview/noc26_cs185,,,,
noc26-cs186,Computer Science and Engineering,CS,Mobile Virtual Reality and Artificial Intelligence,IIT Madras,4 Weeks,"Aug 17, 2026","Sep 11, 2026","Oct 23, 2026","Aug 17, 2026","Aug 28, 2026",https://onlinecourses.nptel.ac.in/e-learning/preview/noc26_cs186,,,,
noc26-cs188,Computer Science and Engineering,CS,Programming with Generative AI,IISc Bangalore,8 Weeks,"Aug 17, 2026","Oct 9, 2026","Oct 16, 2026","Aug 17, 2026","Aug 28, 2026",https://onlinecourses.nptel.ac.in/e-learning/preview/noc26_cs188,,,,
noc26-cs90,Computer Science and Engineering,CS,Functional Programming with OCaml,IIT Madras,12 Weeks,"Jul 20, 2026","Oct 9, 2026","Oct 25, 2026","Jul 27, 2026","Aug 14, 2026",https://onlinecourses.nptel.ac.in/e-learning/preview/noc26_cs90,,,,
noc26-cs96,Computer Science and Engineering,CS,Computer System Optimizations for ML,IISc Bangalore,12 Weeks,"Jul 20, 2026","Oct 9, 2026","Oct 23, 2026","Jul 27, 2026","Aug 14, 2026",https://onlinecourses.nptel.ac.in/e-learning/preview/noc26_cs96,,,,
noc26-cs97,Computer Science and Engineering,CS,Mathematical Foundations of Generative AI,IISc Bangalore,12 Weeks,"Jul 20, 2026","Oct 9, 2026","Oct 24, 2026","Jul 27, 2026","Aug 14, 2026",https://onlinecourses.nptel.ac.in/e-learning/preview/noc26_cs97,,,,
noc26-cs99,Computer Science and Engineering,CS,Computer Networks,IIT Madras,12 Weeks,"Jul 20, 2026","Oct 9, 2026","Oct 25, 2026","Jul 27, 2026","Aug 14, 2026",https://onlinecourses.nptel.ac.in/e-learning/preview/noc26_cs99,,,,
noc26-cs100,Computer Science and Engineering,CS,AI for Earth Observation,IIT Kharagpur,12 Weeks,"Jul 20, 2026","Oct 9, 2026","Oct 16, 2026","Jul 27, 2026","Aug 14, 2026",https://onlinecourses.nptel.ac.in/e-learning/preview/noc26_cs100,,,,
noc26-cs101,Computer Science and Engineering,CS,Linear Algebra for Machine Learning and Quantum Computing,IIT Kharagpur,12 Weeks,"Jul 20, 2026","Oct 9, 2026","Oct 17, 2026","Jul 27, 2026","Aug 14, 2026",https://onlinecourses.nptel.ac.in/e-learning/preview/noc26_cs101,,,,
noc26-cs102,Computer Science and Engineering,CS,Distributed Optimization and Machine Learning,IIT Madras,12 Weeks,"Jul 20, 2026","Oct 9, 2026","Oct 18, 2026","Jul 27, 2026","Aug 14, 2026",https://onlinecourses.nptel.ac.in/e-learning/preview/noc26_cs102,,,,
noc26-cs90,Computer Science and Engineering,CS,Psychology of Learning,IIT Madras,12 Weeks,"Jul 20, 2026","Oct 9, 2026","Oct 25, 2026","Jul 27, 2026","Aug 14, 2026",https://onlinecourses.nptel.ac.in/e-learning/preview/noc26_cs90,,,,
noc26-cs96,Computer Science and Engineering,CS,Mathematics for Economics - I,IISc Bangalore,12 Weeks,"Jul 20, 2026","Oct 9, 2026","Oct 23, 2026","Jul 27, 2026","Aug 14, 2026",https://onlinecourses.nptel.ac.in/e-learning/preview/noc26_cs96,,,,
noc26-cs97,Computer Science and Engineering,CS,Ecology and Society,IISc Bangalore,12 Weeks,"Jul 20, 2026","Oct 9, 2026","Oct 24, 2026","Jul 27, 2026","Aug 14, 2026",https://onlinecourses.nptel.ac.in/e-learning/preview/noc26_cs97,,,,
noc26-cs99,Computer Science and Engineering,CS,"Science, Technology and Society",IIT Madras,12 Weeks,"Jul 20, 2026","Oct 9, 2026","Oct 25, 2026","Jul 27, 2026","Aug 14, 2026",https://onlinecourses.nptel.ac.in/e-learning/preview/noc26_cs99,,,,
noc26-cs105,Computer Science and Engineering,CS,Literary and Cultural Disability Studies: An Exploration,IIT Bombay,4 Weeks,"Jul 20, 2026","Aug 14, 2026","Sep 20, 2026","Jul 27, 2026","Aug 14, 2026",https://onlinecourses.nptel.ac.in/e-learning/preview/noc26_cs105,,,,
noc26-cs106,Computer Science and Engineering,CS,Patent Law for Engineers And Scientists,IIT Madras,4 Weeks,"Jul 20, 2026","Aug 14, 2026","Sep 19, 2026","Jul 27, 2026","Aug 14, 2026",https://onlinecourses.nptel.ac.in/e-learning/preview/noc26_cs106,,,,
noc26-cs107,Computer Science and Engineering,CS,Psychology of Everyday,IIT Madras,4 Weeks,"Jul 20, 2026","Aug 14, 2026","Sep 19, 2026","Jul 27, 2026","Aug 14, 2026",https://onlinecourses.nptel.ac.in/e-learning/preview/noc26_cs107,,,,
noc26-cs108,Computer Science and Engineering,CS,Sociology and Resource Management,IISc Bangalore,8 Weeks,"Jul 20, 2026","Sep 11, 2026","Sep 20, 2026","Jul 27, 2026","Aug 14, 2026",https://onlinecourses.nptel.ac.in/e-learning/preview/noc26_cs108,,,,
noc26-cs109,Computer Science and Engineering,CS,Urban Sociology,IIT Madras,8 Weeks,"Jul 20, 2026","Sep 11, 2026","Sep 19, 2026","Jul 27, 2026","Aug 14, 2026",https://onlinecourses.nptel.ac.in/e-learning/preview/noc26_cs109,,,,
noc26-cs110,Computer Science and Engineering,CS,Mastering Speaking and Presentations: A case Based Approach,IIT Madras,8 Weeks,"Jul 20, 2026","Sep 11, 2026","Sep 19, 2026","Jul 27, 2026","Aug 14, 2026",https://onlinecourses.nptel.ac.in/e-learning/preview/noc26_cs110,,,,
noc26-cs111,Computer Science and Engineering,CS,Gender and literature,IIT Madras,8 Weeks,"Jul 20, 2026","Sep 11, 2026","Sep 19, 2026","Jul 27, 2026","Aug 14, 2026",https://onlinecourses.nptel.ac.in/e-learning/preview/noc26_cs111,,,,
noc26-cs112,Computer Science and Engineering,CS,Energy Economics And Policy,IIT Madras,8 Weeks,"Jul 20, 2026","Sep 11, 2026","Sep 19, 2026","Jul 27, 2026","Aug 14, 2026",https://onlinecourses.nptel.ac.in/e-learning/preview/noc26_cs112,,,,
noc26-cs116,Computer Science and Engineering,CS,Sports and Performance Nutrition,IIT Kharagpur,8 Weeks,"Jul 20, 2026","Sep 11, 2026","Sep 19, 2026","Jul 27, 2026","Aug 14, 2026",https://onlinecourses.nptel.ac.in/e-learning/preview/noc26_cs116,,,,
noc26-cs117,Computer Science and Engineering,CS,Sports Psychology,IIT Kharagpur,8 Weeks,"Jul 20, 2026","Sep 11, 2026","Sep 20, 2026","Jul 27, 2026","Aug 14, 2026",https://onlinecourses.nptel.ac.in/e-learning/preview/noc26_cs117,,,,
noc26-cs118,Computer Science and Engineering,CS,Introduction to Exercise Physiology & Sports Performance,IIT Kharagpur,8 Weeks,"Jul 20, 2026","Sep 11, 2026","Sep 19, 2026","Jul 27, 2026","Aug 14, 2026",https://onlinecourses.nptel.ac.in/e-learning/preview/noc26_cs118,,,,
noc26-cs119,Computer Science and Engineering,CS,"Fundamentals of Sports Training, Load Management and recovery",IIT Kharagpur,8 Weeks,"Jul 20, 2026","Sep 11, 2026","Sep 19, 2026","Jul 27, 2026","Aug 14, 2026",https://onlinecourses.nptel.ac.in/e-learning/preview/noc26_cs119,,,,
noc26-cs120,Computer Science and Engineering,CS,Research Methodology in Humanities and Social Sciences,IIT Kharagpur,8 Weeks,"Jul 20, 2026","Sep 11, 2026","Sep 19, 2026","Jul 27, 2026","Aug 14, 2026",https://onlinecourses.nptel.ac.in/e-learning/preview/noc26_cs120,,,,
noc26-cs121,computer Science and Engineering,CS,Memory,IIT Kharagpur,8 Weeks,"Jul 20, 2026","Sep 11, 2026","Sep 19, 2026","Jul 27, 2026","Aug 14, 2026",https://onlinecourses.nptel.ac.in/e-learning/preview/noc26_cs121,,,,
noc26-cs122,Computer Science and Engineering,CS,Developing Soft Skills and Personality,IIT Kharagpur,8 Weeks,"Jul 20, 2026","Sep 11, 2026","Sep 19, 2026","Jul 27, 2026","Aug 14, 2026",https://onlinecourses.nptel.ac.in/e-learning/preview/noc26_cs122,,,,
noc26-cs123,Computer Science and Engineering,CS,Introduction to Advanced Cognitive Processes,IIT Madras,8 Weeks,"Jul 20, 2026","Sep 11, 2026","Sep 20, 2026","Jul 27, 2026","Aug 14, 2026",https://onlinecourses.nptel.ac.in/e-learning/preview/noc26_cs123,,,,
noc26-cs124,Computer Science and Engineering,CS,The Science of Happiness and Wellbeing,IISc Bangalore,12 Weeks,"Jul 20, 2026","Oct 9, 2026","Oct 25, 2026","Jul 27, 2026","Aug 14, 2026",https://onlinecourses.nptel.ac.in/e-learning/preview/noc26_cs124,,,,
noc26-cs125,Computer Science and Engineering,CS,Development Research Methods,IISc Bangalore,12 Weeks,"Jul 20, 2026","Oct 9, 2026","Oct 16, 2026","Jul 27, 2026","Aug 14, 2026",https://onlinecourses.nptel.ac.in/e-learning/preview/noc26_cs125,,,,
noc26-cs126,Computer Science and Engineering,CS,Digital Transformation and Technological Innovation,IISc Bangalore,12 Weeks,"Jul 20, 2026","Oct 9, 2026","Oct 17, 2026","Jul 27, 2026","Aug 14, 2026",https://onlinecourses.nptel.ac.in/e-learning/preview/noc26_cs126,,,,
noc26-cs127,Computer Science and Engineering,CS,Spatial Statistics and Spatial Econometrics,IISc Bangalore,12 Weeks,"Jul 20, 2026","Oct 9, 2026","Oct 18, 2026","Jul 27, 2026","Aug 14, 2026",https://onlinecourses.nptel.ac.in/e-learning/preview/noc26_cs127,,,,
noc26-cs103,Computer Science and Engineering,CS,Foundations of Virtual Reality,IIT Kanpur,12 Weeks,"Jul 20, 2026","Oct 9, 2026","Oct 23, 2026","Jul 27, 2026","Aug 14, 2026",https://onlinecourses.nptel.ac.in/e-learning/preview/noc26_cs103,,,,
noc26-cs104,Computer Science and Engineering,CS,Machine Learning (Ml) In Hindi,IIT Guwahati,12 Weeks,"Jul 20, 2026","Oct 9, 2026","Oct 24, 2026","Jul 27, 2026","Aug 14, 2026",https://onlinecourses.nptel.ac.in/e-learning/preview/noc26_cs104,,,,
noc26-cs92,Computer Science and Engineering,CS,Logistics & Supply Chain Management,IIT Guwahati,12 Weeks,"Jul 20, 2026","Oct 9, 2026","Oct 25, 2026","Jul 27, 2026","Aug 14, 2026",https://onlinecourses.nptel.ac.in/e-learning/preview/noc26_cs92,,,,
noc26-cs113,Computer Science and Engineering,CS,The Literature of Climate Crisis,IIT Kanpur,8 Weeks,"Jul 20, 2026","Sep 11, 2026","Sep 20, 2026","Jul 27, 2026","Aug 14, 2026",https://onlinecourses.nptel.ac.in/e-learning/preview/noc26_cs113,,,,
noc26-cs114,Computer Science and Engineering,CS,Nation and Narration,IIT Kanpur,8 Weeks,"Jul 20, 2026","Sep 11, 2026","Sep 19, 2026","Jul 27, 2026","Aug 14, 2026",https://onlinecourses.nptel.ac.in/e-learning/preview/noc26_cs114,,,,
noc26-cs115,Computer Science and Engineering,CS,Technical English for Engineers,IIT Kanpur,8 Weeks,"Jul 20, 2026","Sep 11, 2026","Sep 20, 2026","Jul 27, 2026","Aug 14, 2026",https://onlinecourses.nptel.ac.in/e-learning/preview/noc26_cs115,,,,
noc26-cs98,"Computer Science and Engineering
Civil Engineering
Environmental Science",CS,Environment and Development,IIT Delhi,12 Weeks,"Jul 20, 2026","Oct 9, 2026","Oct 16, 2026","Jul 27, 2026","Aug 14, 2026",https://onlinecourses.nptel.ac.in/e-learning/preview/noc26_cs98,,,,
noc26-ma140,"Computer Science and Engineering,
Mathematics,
Electrical Engineering",CS,Sociology of Development,IIT Madras,4 Weeks,"Aug 17, 2026","Sep 11, 2026","Oct 17, 2026","Aug 17, 2026","Aug 28, 2026",https://onlinecourses.nptel.ac.in/e-learning/preview/noc26_ma140,,,,
noc26-cs91,Statistics and data science,CS,Exploratory Data Analysis for Data Science with R Software (Hindi),IIT Kanpur,12 Weeks,"Jul 20, 2026","Oct 9, 2026","Oct 24, 2026","Jul 27, 2026","Aug 14, 2026",https://onlinecourses.nptel.ac.in/e-learning/preview/noc26_cs91,,,,
noc26-cs91,Statistics and data science,CS,Introduction to Language and Linguistics,IIT Kanpur,12 Weeks,"Jul 20, 2026","Oct 9, 2026","Oct 24, 2026","Jul 27, 2026","Aug 14, 2026",https://onlinecourses.nptel.ac.in/e-learning/preview/noc26_cs91,,,,
noc26-mg122,Management / Finance / Data Science,CS + MGMT,Advanced R Programming for Data Analytics in Business,IIT Kanpur,12 Weeks,"Jul 20, 2026","Oct 9, 2026","Oct 18, 2026","Jul 27, 2026","Aug 14, 2026",https://onlinecourses.nptel.ac.in/e-learning/preview/noc26_mg122,,,,
noc26-ma134,Applied Mathematics,Math,Essentials of Topology,IIT Kharagpur,12 Weeks,"Jul 20, 2026","Oct 9, 2026","Oct 25, 2026","Jul 27, 2026","Aug 14, 2026",https://onlinecourses.nptel.ac.in/e-learning/preview/noc26_ma134,,,,
noc26-ma139,Statistics – Mathematical Sciences,Math,Introduction to Probability & Statistics (in Hindi),IIT Delhi,12 Weeks,"Jul 20, 2026","Oct 9, 2026","Oct 24, 2026","Jul 27, 2026","Aug 14, 2026",https://onlinecourses.nptel.ac.in/e-learning/preview/noc26_ma139,,,,
noc26-mg139,Business/ Management,MGMT,Digital Marketing in the AI era - Part 1,IIT Madras,4 Weeks,"Aug 17, 2026","Sep 11, 2026","Oct 18, 2026","Aug 17, 2026","Aug 28, 2026",https://onlinecourses.nptel.ac.in/e-learning/preview/noc26_mg139,,,,
noc26-hs188,Human Resource Management,MGMT,HR Analytics,IIT Roorkee,12 Weeks,"Jul 20, 2026","Oct 9, 2026","Oct 17, 2026","Jul 27, 2026","Aug 14, 2026",https://onlinecourses.nptel.ac.in/e-learning/preview/noc26_hs188,,,,
noc26-mg121,Management,MGMT,Data Analysis & Decision Making - II,IIT Kanpur,12 Weeks,"Jul 20, 2026","Oct 9, 2026","Oct 17, 2026","Jul 27, 2026","Aug 14, 2026",https://onlinecourses.nptel.ac.in/e-learning/preview/noc26_mg121,,,,
noc26-mg100,Management,MGMT,Corporate Social Responsibility,IIT Kharagpur,8 Weeks,"Jul 20, 2026","Sep 11, 2026","Sep 19, 2026","Jul 27, 2026","Aug 14, 2026",https://onlinecourses.nptel.ac.in/e-learning/preview/noc26_mg100,,,,
noc26-mg101,Management,MGMT,Knowledge Management,IIT Kharagpur,8 Weeks,"Jul 20, 2026","Sep 11, 2026","Sep 20, 2026","Jul 27, 2026","Aug 14, 2026",https://onlinecourses.nptel.ac.in/e-learning/preview/noc26_mg101,,,,
noc26-mg102,Management,MGMT,Decision Modeling,IIT Kharagpur,8 Weeks,"Jul 20, 2026","Sep 11, 2026","Sep 19, 2026","Jul 27, 2026","Aug 14, 2026",https://onlinecourses.nptel.ac.in/e-learning/preview/noc26_mg102,,,,
noc26-mg137,Management,MGMT,Labour Welfare and Industrial Relations,IIT Guwahati,12 Weeks,"Jul 20, 2026","Oct 9, 2026","Oct 17, 2026","Jul 27, 2026","Aug 14, 2026",https://onlinecourses.nptel.ac.in/e-learning/preview/noc26_mg137,,,,
noc26-mg138,Management,MGMT,Learning and Development in Organizations,IIT Guwahati,12 Weeks,"Jul 20, 2026","Oct 9, 2026","Oct 18, 2026","Jul 27, 2026","Aug 14, 2026",https://onlinecourses.nptel.ac.in/e-learning/preview/noc26_mg138,,,,
noc26-mg103,Management,MGMT,Management Accounting,IIT Roorkee,12 Weeks,"Jul 20, 2026","Oct 9, 2026","Oct 18, 2026","Jul 27, 2026","Aug 14, 2026",https://onlinecourses.nptel.ac.in/e-learning/preview/noc26_mg103,,,,
noc26-mg104,Management,MGMT,Working Capital Management,IIT Roorkee,12 Weeks,"Jul 20, 2026","Oct 9, 2026","Oct 23, 2026","Jul 27, 2026","Aug 14, 2026",https://onlinecourses.nptel.ac.in/e-learning/preview/noc26_mg104,,,,
noc26-mg105,Management,MGMT,Marketing Research and Analysis,IIT Roorkee,12 Weeks,"Jul 20, 2026","Oct 9, 2026","Oct 23, 2026","Jul 27, 2026","Aug 14, 2026",https://onlinecourses.nptel.ac.in/e-learning/preview/noc26_mg105,,,,
noc26-mg106,Management,MGMT,Project Management for Managers,IIT Roorkee,12 Weeks,"Jul 20, 2026","Oct 9, 2026","Oct 24, 2026","Jul 27, 2026","Aug 14, 2026",https://onlinecourses.nptel.ac.in/e-learning/preview/noc26_mg106,,,,
noc26-mg107,Management,MGMT,Managerial Skills for Interpersonal Dynamics,IIT Roorkee,12 Weeks,"Jul 20, 2026","Oct 9, 2026","Oct 25, 2026","Jul 27, 2026","Aug 14, 2026",https://onlinecourses.nptel.ac.in/e-learning/preview/noc26_mg107,,,,
noc26-mg108,Management,MGMT,Training of Trainers,IIT Roorkee,12 Weeks,"Jul 20, 2026","Oct 9, 2026","Oct 16, 2026","Jul 27, 2026","Aug 14, 2026",https://onlinecourses.nptel.ac.in/e-learning/preview/noc26_mg108,,,,
noc26-mg109,Management,MGMT,Product and Brand Management,IIT Roorkee,12 Weeks,"Jul 20, 2026","Oct 9, 2026","Oct 18, 2026","Jul 27, 2026","Aug 14, 2026",https://onlinecourses.nptel.ac.in/e-learning/preview/noc26_mg109,,,,
noc26-mg110,Management,MGMT,Quantitative Investment Management,IIT Roorkee,12 Weeks,"Jul 20, 2026","Oct 9, 2026","Oct 18, 2026","Jul 27, 2026","Aug 14, 2026",https://onlinecourses.nptel.ac.in/e-learning/preview/noc26_mg110,,,,
noc26-mg111,Management,MGMT,Security Analysis & Portfolio Management,IIT Roorkee,12 Weeks,"Jul 20, 2026","Oct 9, 2026","Oct 23, 2026","Jul 27, 2026","Aug 14, 2026",https://onlinecourses.nptel.ac.in/e-learning/preview/noc26_mg111,,,,
noc26-mg112,Management,MGMT,Operations and Supply Chain Management,IIT Madras,12 Weeks,"Jul 20, 2026","Oct 9, 2026","Oct 24, 2026","Jul 27, 2026","Aug 14, 2026",https://onlinecourses.nptel.ac.in/e-learning/preview/noc26_mg112,,,,
noc26-mg151,Management,MGMT,Economics of Health and Health Care,IIT Kanpur,8 Weeks,"Aug 17, 2026","Oct 9, 2026","Oct 25, 2026","Aug 17, 2026","Aug 28, 2026",https://onlinecourses.nptel.ac.in/e-learning/preview/noc26_mg151,,,,
noc26-mg152,Management,MGMT,Marketing Management - I,IIT Kanpur,8 Weeks,"Aug 17, 2026","Oct 9, 2026","Oct 16, 2026","Aug 17, 2026","Aug 28, 2026",https://onlinecourses.nptel.ac.in/e-learning/preview/noc26_mg152,,,,
noc26-mg153,Management,MGMT,Business Marketing - Technology Focus,IIT Kanpur,8 Weeks,"Aug 17, 2026","Oct 9, 2026","Oct 17, 2026","Aug 17, 2026","Aug 28, 2026",https://onlinecourses.nptel.ac.in/e-learning/preview/noc26_mg153,,,,
noc26-mg113,Management,MGMT,Organizational Behaviour,IIT Madras,12 Weeks,"Jul 20, 2026","Oct 9, 2026","Oct 23, 2026","Jul 27, 2026","Aug 14, 2026",https://onlinecourses.nptel.ac.in/e-learning/preview/noc26_mg113,,,,
noc26-mg114,Management,MGMT,Entrepreneurship,IIT Madras,12 Weeks,"Jul 20, 2026","Oct 9, 2026","Oct 24, 2026","Jul 27, 2026","Aug 14, 2026",https://onlinecourses.nptel.ac.in/e-learning/preview/noc26_mg114,,,,
noc26-mg115,Management,MGMT,Project Selection and Finance for Professionals,IIT Roorkee,12 Weeks,"Jul 20, 2026","Oct 9, 2026","Oct 18, 2026","Jul 27, 2026","Aug 14, 2026",https://onlinecourses.nptel.ac.in/e-learning/preview/noc26_mg115,,,,
noc26-mg116,Management,MGMT,Business to Business Marketing (B2B),IIT Roorkee,12 Weeks,"Jul 20, 2026","Oct 9, 2026","Oct 18, 2026","Jul 27, 2026","Aug 14, 2026",https://onlinecourses.nptel.ac.in/e-learning/preview/noc26_mg116,,,,
noc26-mg117,Management,MGMT,Strategic Management,IIT Roorkee,12 Weeks,"Jul 20, 2026","Oct 9, 2026","Oct 23, 2026","Jul 27, 2026","Aug 14, 2026",https://onlinecourses.nptel.ac.in/e-learning/preview/noc26_mg117,,,,
noc26-mg118,Management,MGMT,Path Integral Methods in Physics & Finance,IIT Roorkee,12 Weeks,"Jul 20, 2026","Oct 9, 2026","Oct 24, 2026","Jul 27, 2026","Aug 14, 2026",https://onlinecourses.nptel.ac.in/e-learning/preview/noc26_mg118,,,,
noc26-mg120,Management,MGMT,Decision Making with Spreadsheet,IIT Roorkee,12 Weeks,"Jul 20, 2026","Oct 9, 2026","Oct 16, 2026","Jul 27, 2026","Aug 14, 2026",https://onlinecourses.nptel.ac.in/e-learning/preview/noc26_mg120,,,,
noc26-mg124,Management,MGMT,Applied Econometrics,IIT Kharagpur,12 Weeks,"Jul 20, 2026","Oct 9, 2026","Oct 24, 2026","Jul 27, 2026","Aug 14, 2026",https://onlinecourses.nptel.ac.in/e-learning/preview/noc26_mg124,,,,
noc26-mg125,Management,MGMT,Production and Operations Management: Theory and Application,IIT Kharagpur,12 Weeks,"Jul 20, 2026","Oct 9, 2026","Oct 23, 2026","Jul 27, 2026","Aug 14, 2026",https://onlinecourses.nptel.ac.in/e-learning/preview/noc26_mg125,,,,
noc26-mg126,Management,MGMT,Six Sigma,IIT Kharagpur,12 Weeks,"Jul 20, 2026","Oct 9, 2026","Oct 16, 2026","Jul 27, 2026","Aug 14, 2026",https://onlinecourses.nptel.ac.in/e-learning/preview/noc26_mg126,,,,
noc26-mg127,Management,MGMT,Commodity Derivatives & Risk Management,IIT Kharagpur,12 Weeks,"Jul 20, 2026","Oct 9, 2026","Oct 17, 2026","Jul 27, 2026","Aug 14, 2026",https://onlinecourses.nptel.ac.in/e-learning/preview/noc26_mg127,,,,
noc26-mg128,Management,MGMT,Human Factors Engineering,IIT Kharagpur,12 Weeks,"Jul 20, 2026","Oct 9, 2026","Oct 23, 2026","Jul 27, 2026","Aug 14, 2026",https://onlinecourses.nptel.ac.in/e-learning/preview/noc26_mg128,,,,
noc26-mg129,Management,MGMT,Management Information System,IIT Kharagpur,12 Weeks,"Jul 20, 2026","Oct 9, 2026","Oct 24, 2026","Jul 27, 2026","Aug 14, 2026",https://onlinecourses.nptel.ac.in/e-learning/preview/noc26_mg129,,,,
noc26-mg130,Management,MGMT,Automation in Production Systems and Management,IIT Kharagpur,12 Weeks,"Jul 20, 2026","Oct 9, 2026","Oct 25, 2026","Jul 27, 2026","Aug 14, 2026",https://onlinecourses.nptel.ac.in/e-learning/preview/noc26_mg130,,,,
noc26-mg131,Management,MGMT,Organizational Behaviour - II,IIT Kharagpur,12 Weeks,"Jul 20, 2026","Oct 9, 2026","Oct 16, 2026","Jul 27, 2026","Aug 14, 2026",https://onlinecourses.nptel.ac.in/e-learning/preview/noc26_mg131,,,,
noc26-mg132,Management,MGMT,Performance and Reward Management,IIT Kharagpur,12 Weeks,"Jul 20, 2026","Oct 9, 2026","Oct 18, 2026","Jul 27, 2026","Aug 14, 2026",https://onlinecourses.nptel.ac.in/e-learning/preview/noc26_mg132,,,,
noc26-mg133,Management,MGMT,Decision Support System for Managers,IIT Kharagpur,12 Weeks,"Jul 20, 2026","Oct 9, 2026","Oct 23, 2026","Jul 27, 2026","Aug 14, 2026",https://onlinecourses.nptel.ac.in/e-learning/preview/noc26_mg133,,,,
noc26-mg134,Management,MGMT,E-Business,IIT Kharagpur,12 Weeks,"Jul 20, 2026","Oct 9, 2026","Oct 24, 2026","Jul 27, 2026","Aug 14, 2026",https://onlinecourses.nptel.ac.in/e-learning/preview/noc26_mg134,,,,
noc26-mg135,Management,MGMT,Industrial Safety Engineering,IIT Kharagpur,12 Weeks,"Jul 20, 2026","Oct 9, 2026","Oct 25, 2026","Jul 27, 2026","Aug 14, 2026",https://onlinecourses.nptel.ac.in/e-learning/preview/noc26_mg135,,,,
noc26-mg136,Management,MGMT,Strategy And Technology: A Practical Primer,IIT Madras,12 Weeks,"Jul 20, 2026","Oct 9, 2026","Oct 16, 2026","Jul 27, 2026","Aug 14, 2026",https://onlinecourses.nptel.ac.in/e-learning/preview/noc26_mg136,,,,
noc26-mg95,Management,MGMT,Managing Services,IIT Kanpur,8 Weeks,"Jul 20, 2026","Sep 11, 2026","Sep 20, 2026","Jul 27, 2026","Aug 14, 2026",https://onlinecourses.nptel.ac.in/e-learning/preview/noc26_mg95,,,,
noc26-mg96,Management,MGMT,Advanced Algorithmic Trading and Portfolio Management,IIT Kanpur,8 Weeks,"Jul 20, 2026","Sep 11, 2026","Sep 19, 2026","Jul 27, 2026","Aug 14, 2026",https://onlinecourses.nptel.ac.in/e-learning/preview/noc26_mg96,,,,
noc26-mg97,Management,MGMT,Brand Management,IIT Kanpur,8 Weeks,"Jul 20, 2026","Sep 11, 2026","Sep 20, 2026","Jul 27, 2026","Aug 14, 2026",https://onlinecourses.nptel.ac.in/e-learning/preview/noc26_mg97,,,,
noc26-mg142,Management,MGMT,Business and Sustainable Development,IIT Bombay,4 Weeks,"Aug 17, 2026","Sep 11, 2026","Oct 17, 2026","Aug 17, 2026","Aug 28, 2026",https://onlinecourses.nptel.ac.in/e-learning/preview/noc26_mg142,,,,
noc26-mg143,Management,MGMT,Gender Justice and Workplace Security,IIT Kharagpur,4 Weeks,"Aug 17, 2026","Sep 11, 2026","Oct 25, 2026","Aug 17, 2026","Aug 28, 2026",https://onlinecourses.nptel.ac.in/e-learning/preview/noc26_mg143,,,,
noc26-mg144,Management,MGMT,Toyota Production System,IIT Roorkee,8 Weeks,"Aug 17, 2026","Oct 9, 2026","Oct 24, 2026","Aug 17, 2026","Aug 28, 2026",https://onlinecourses.nptel.ac.in/e-learning/preview/noc26_mg144,,,,
noc26-mg145,Management,MGMT,"Innovation, Business Models and Entrepreneurship",IIT Roorkee,8 Weeks,"Aug 17, 2026","Oct 9, 2026","Oct 25, 2026","Aug 17, 2026","Aug 28, 2026",https://onlinecourses.nptel.ac.in/e-learning/preview/noc26_mg145,,,,
noc26-mg146,Management,MGMT,Strategic Management - The Competitive Edge,IISc Bangalore,8 Weeks,"Aug 17, 2026","Oct 9, 2026","Oct 16, 2026","Aug 17, 2026","Aug 28, 2026",https://onlinecourses.nptel.ac.in/e-learning/preview/noc26_mg146,,,,
noc26-mg147,Management,MGMT,Yoga and Positive Psychology for Managing Career and Life,IIT Bombay,8 Weeks,"Aug 17, 2026","Oct 9, 2026","Oct 17, 2026","Aug 17, 2026","Aug 28, 2026",https://onlinecourses.nptel.ac.in/e-learning/preview/noc26_mg147,,,,
noc26-mg148,Management,MGMT,Fundamentals of Cost Accounting,IIT Madras,8 Weeks,"Aug 17, 2026","Oct 9, 2026","Oct 18, 2026","Aug 17, 2026","Aug 28, 2026",https://onlinecourses.nptel.ac.in/e-learning/preview/noc26_mg148,,,,
noc26-mg150,Management,MGMT,Introduction to GST,IIT Madras,8 Weeks,"Aug 17, 2026","Oct 9, 2026","Oct 24, 2026","Aug 17, 2026","Aug 28, 2026",https://onlinecourses.nptel.ac.in/e-learning/preview/noc26_mg150,,,,
noc26-mg154,Management,MGMT,Principles of Human Resource Management,IIT Kharagpur,8 Weeks,"Aug 17, 2026","Oct 9, 2026","Oct 23, 2026","Aug 17, 2026","Aug 28, 2026",https://onlinecourses.nptel.ac.in/e-learning/preview/noc26_mg154,,,,
noc26-mg155,Management,MGMT,Foundation of Digital Business,IIT Kharagpur,8 Weeks,"Aug 17, 2026","Oct 9, 2026","Oct 24, 2026","Aug 17, 2026","Aug 28, 2026",https://onlinecourses.nptel.ac.in/e-learning/preview/noc26_mg155,,,,
noc26-mg156,Management,MGMT,Intellectual Property Rights and Competition Law,IIT Kharagpur,8 Weeks,"Aug 17, 2026","Oct 9, 2026","Oct 24, 2026","Aug 17, 2026","Aug 28, 2026",https://onlinecourses.nptel.ac.in/e-learning/preview/noc26_mg156,,,,
noc26-mg157,Management,MGMT,Customer Relationship Management,IIT Kharagpur,8 Weeks,"Aug 17, 2026","Oct 9, 2026","Oct 16, 2026","Aug 17, 2026","Aug 28, 2026",https://onlinecourses.nptel.ac.in/e-learning/preview/noc26_mg157,,,,
noc26-mg158,Management,MGMT,Ethics in Engineering Practice,IIT Kharagpur,8 Weeks,"Aug 17, 2026","Oct 9, 2026","Oct 17, 2026","Aug 17, 2026","Aug 28, 2026",https://onlinecourses.nptel.ac.in/e-learning/preview/noc26_mg158,,,,
noc26-mg159,Management,MGMT,Patent Search for Engineers and Lawyers,IIT Kharagpur,8 Weeks,"Aug 17, 2026","Oct 9, 2026","Oct 18, 2026","Aug 17, 2026","Aug 28, 2026",https://onlinecourses.nptel.ac.in/e-learning/preview/noc26_mg159,,,,
noc26-mg80,Management,MGMT,Foundations of Entrepreneurship,IIT Bombay,12 Weeks,"Jul 20, 2026","Oct 9, 2026","Oct 17, 2026","Jul 27, 2026","Aug 14, 2026",https://onlinecourses.nptel.ac.in/e-learning/preview/noc26_mg80,,,,
noc26-mg81,Management,MGMT,Business Analytics & Data Mining Modeling Using R Part II,IIT Roorkee,4 Weeks,"Jul 20, 2026","Aug 14, 2026","Sep 19, 2026","Jul 27, 2026","Aug 14, 2026",https://onlinecourses.nptel.ac.in/e-learning/preview/noc26_mg81,,,,
noc26-mg82,Management,MGMT,Cost Accounting,IIT Bombay,4 Weeks,"Jul 20, 2026","Aug 14, 2026","Sep 19, 2026","Jul 27, 2026","Aug 14, 2026",https://onlinecourses.nptel.ac.in/e-learning/preview/noc26_mg82,,,,
noc26-mg83,Management,MGMT,Decision-Making Under Uncertainty,IIT Madras,4 Weeks,"Jul 20, 2026","Aug 14, 2026","Sep 19, 2026","Jul 27, 2026","Aug 14, 2026",https://onlinecourses.nptel.ac.in/e-learning/preview/noc26_mg83,,,,
noc26-mg84,Management,MGMT,Design Thinking - A Primer,IIT Madras,4 Weeks,"Jul 20, 2026","Aug 14, 2026","Sep 19, 2026","Jul 27, 2026","Aug 14, 2026",https://onlinecourses.nptel.ac.in/e-learning/preview/noc26_mg84,,,,
noc26-mg85,Management,MGMT,Working In Contemporary Teams,IIT Madras,4 Weeks,"Jul 20, 2026","Aug 14, 2026","Sep 19, 2026","Jul 27, 2026","Aug 14, 2026",https://onlinecourses.nptel.ac.in/e-learning/preview/noc26_mg85,,,,
noc26-mg86,Management,MGMT,Strategic Communication for Sustainable Development,IIT Kharagpur,4 Weeks,"Jul 20, 2026","Aug 14, 2026","Sep 20, 2026","Jul 27, 2026","Aug 14, 2026",https://onlinecourses.nptel.ac.in/e-learning/preview/noc26_mg86,,,,
noc26-mg87,Management,MGMT,Business Analytics & Text Mining Modeling Using Python,IIT Roorkee,8 Weeks,"Jul 20, 2026","Sep 11, 2026","Sep 20, 2026","Jul 27, 2026","Aug 14, 2026",https://onlinecourses.nptel.ac.in/e-learning/preview/noc26_mg87,,,,
noc26-mg88,Management,MGMT,Manufacturing Strategy,IIT Roorkee,8 Weeks,"Jul 20, 2026","Sep 11, 2026","Sep 20, 2026","Jul 27, 2026","Aug 14, 2026",https://onlinecourses.nptel.ac.in/e-learning/preview/noc26_mg88,,,,
noc26-mg89,Management,MGMT,Strategic Sales Management,IIT Roorkee,8 Weeks,"Jul 20, 2026","Sep 11, 2026","Sep 19, 2026","Jul 27, 2026","Aug 14, 2026",https://onlinecourses.nptel.ac.in/e-learning/preview/noc26_mg89,,,,
noc26-mg90,Management,MGMT,Econometric Modelling,IIT Roorkee,8 Weeks,"Jul 20, 2026","Sep 11, 2026","Sep 20, 2026","Jul 27, 2026","Aug 14, 2026",https://onlinecourses.nptel.ac.in/e-learning/preview/noc26_mg90,,,,
noc26-mg91,Management,MGMT,Organization Development and Change in 21st Century,IIT Bombay,8 Weeks,"Jul 20, 2026","Sep 11, 2026","Sep 19, 2026","Jul 27, 2026","Aug 14, 2026",https://onlinecourses.nptel.ac.in/e-learning/preview/noc26_mg91,,,,
noc26-mg92,Management,MGMT,Financial Accounting,IIT Bombay,8 Weeks,"Jul 20, 2026","Sep 11, 2026","Sep 20, 2026","Jul 27, 2026","Aug 14, 2026",https://onlinecourses.nptel.ac.in/e-learning/preview/noc26_mg92,,,,
noc26-mg93,Management,MGMT,Retail Marketing Strategy,IIT Roorkee,8 Weeks,"Jul 20, 2026","Sep 11, 2026","Sep 19, 2026","Jul 27, 2026","Aug 14, 2026",https://onlinecourses.nptel.ac.in/e-learning/preview/noc26_mg93,,,,
noc26-mg98,Management,MGMT,"Project Management: Planning, Execution, Evaluation and Control",IIT Kharagpur,8 Weeks,"Jul 20, 2026","Sep 11, 2026","Sep 20, 2026","Jul 27, 2026","Aug 14, 2026",https://onlinecourses.nptel.ac.in/e-learning/preview/noc26_mg98,,,,
noc26-mg99,Management,MGMT,Corporate Finance,IIT Kharagpur,8 Weeks,"Jul 20, 2026","Sep 11, 2026","Sep 20, 2026","Jul 27, 2026","Aug 14, 2026",https://onlinecourses.nptel.ac.in/e-learning/preview/noc26_mg99,,,,
noc26-mg80,Management,MGMT,Economics of Health and Education,IIT Bombay,12 Weeks,"Jul 20, 2026","Oct 9, 2026","Oct 17, 2026","Jul 27, 2026","Aug 14, 2026",https://onlinecourses.nptel.ac.in/e-learning/preview/noc26_mg80,,,,
noc26-mg119,Management/ Economics,MGMT,Principles of Behavioral Economics,IIT Roorkee,12 Weeks,"Jul 20, 2026","Oct 9, 2026","Oct 25, 2026","Jul 27, 2026","Aug 14, 2026",https://onlinecourses.nptel.ac.in/e-learning/preview/noc26_mg119,,,,
noc26-mg149,Marketing,MGMT,Research for Marketing Decisions,IIT Madras,8 Weeks,"Aug 17, 2026","Oct 9, 2026","Oct 23, 2026","Aug 17, 2026","Aug 28, 2026",https://onlinecourses.nptel.ac.in/e-learning/preview/noc26_mg149,,,,
noc26-ma143,Mathematical Sciences (Statistics),Math,Basics of Nonparametric Tests with Applications by R,IIT Kharagpur,4 Weeks,"Aug 17, 2026","Sep 11, 2026","Oct 25, 2026","Aug 17, 2026","Aug 28, 2026",https://onlinecourses.nptel.ac.in/e-learning/preview/noc26_ma143,,,,
noc26-ma100,Mathematics,Math,Linear Algebra,IISc Bangalore,12 Weeks,"Jul 20, 2026","Oct 9, 2026","Oct 16, 2026","Jul 27, 2026","Aug 14, 2026",https://onlinecourses.nptel.ac.in/e-learning/preview/noc26_ma100,,,,
noc26-ma101,Mathematics,Math,An Introduction to Smooth Manifolds,IISc Bangalore,12 Weeks,"Jul 20, 2026","Oct 9, 2026","Oct 17, 2026","Jul 27, 2026","Aug 14, 2026",https://onlinecourses.nptel.ac.in/e-learning/preview/noc26_ma101,,,,
noc26-ma102,Mathematics,Math,A Basic Course in Number Theory,IIT Bombay,12 Weeks,"Jul 20, 2026","Oct 9, 2026","Oct 18, 2026","Jul 27, 2026","Aug 14, 2026",https://onlinecourses.nptel.ac.in/e-learning/preview/noc26_ma102,,,,
noc26-ma103,Mathematics,Math,Measure Theory,IIT Bombay,12 Weeks,"Jul 20, 2026","Oct 9, 2026","Oct 23, 2026","Jul 27, 2026","Aug 14, 2026",https://onlinecourses.nptel.ac.in/e-learning/preview/noc26_ma103,,,,
noc26-ma104,Mathematics,Math,Partial Differential Equations - IITB,IIT Bombay,12 Weeks,"Jul 20, 2026","Oct 9, 2026","Oct 24, 2026","Jul 27, 2026","Aug 14, 2026",https://onlinecourses.nptel.ac.in/e-learning/preview/noc26_ma104,,,,
noc26-ma105,Mathematics,Math,An introduction to Point-Set-Topology Part - II,IIT Bombay,12 Weeks,"Jul 20, 2026","Oct 9, 2026","Oct 25, 2026","Jul 27, 2026","Aug 14, 2026",https://onlinecourses.nptel.ac.in/e-learning/preview/noc26_ma105,,,,
noc26-ma106,Mathematics,Math,Galois Theory,IIT Bombay,12 Weeks,"Jul 20, 2026","Oct 9, 2026","Oct 16, 2026","Jul 27, 2026","Aug 14, 2026",https://onlinecourses.nptel.ac.in/e-learning/preview/noc26_ma106,,,,
noc26-ma107,Mathematics,Math,Introduction to Probability Theory and Stochastic Processes,IIT Delhi,12 Weeks,"Jul 20, 2026","Oct 9, 2026","Oct 17, 2026","Jul 27, 2026","Aug 14, 2026",https://onlinecourses.nptel.ac.in/e-learning/preview/noc26_ma107,,,,
noc26-ma108,Mathematics,Math,Introduction to Methods of Applied Mathematics,IIT Delhi,12 Weeks,"Jul 20, 2026","Oct 9, 2026","Oct 23, 2026","Jul 27, 2026","Aug 14, 2026",https://onlinecourses.nptel.ac.in/e-learning/preview/noc26_ma108,,,,
noc26-ma109,Mathematics,Math,Matrix Computation and its applications,IIT Delhi,12 Weeks,"Jul 20, 2026","Oct 9, 2026","Oct 24, 2026","Jul 27, 2026","Aug 14, 2026",https://onlinecourses.nptel.ac.in/e-learning/preview/noc26_ma109,,,,
noc26-ma110,Mathematics,Math,Regression Analysis,IIT Madras,12 Weeks,"Jul 20, 2026","Oct 9, 2026","Oct 25, 2026","Jul 27, 2026","Aug 14, 2026",https://onlinecourses.nptel.ac.in/e-learning/preview/noc26_ma110,,,,
noc26-ma111,Mathematics,Math,Measure and Integration,IIT Madras,12 Weeks,"Jul 20, 2026","Oct 9, 2026","Oct 16, 2026","Jul 27, 2026","Aug 14, 2026",https://onlinecourses.nptel.ac.in/e-learning/preview/noc26_ma111,,,,
noc26-ma112,Mathematics,Math,Sobolev Spaces and Partial Differential Equations,IIT Madras,12 Weeks,"Jul 20, 2026","Oct 9, 2026","Oct 17, 2026","Jul 27, 2026","Aug 14, 2026",https://onlinecourses.nptel.ac.in/e-learning/preview/noc26_ma112,,,,
noc26-ma113,Mathematics,Math,Combinatorics,IIT Madras,12 Weeks,"Jul 20, 2026","Oct 9, 2026","Oct 24, 2026","Jul 27, 2026","Aug 14, 2026",https://onlinecourses.nptel.ac.in/e-learning/preview/noc26_ma113,,,,
noc26-ma114,Mathematics,Math,Approximate Reasoning using Fuzzy Set Theory,IIT Madras,12 Weeks,"Jul 20, 2026","Oct 9, 2026","Oct 23, 2026","Jul 27, 2026","Aug 14, 2026",https://onlinecourses.nptel.ac.in/e-learning/preview/noc26_ma114,,,,
noc26-ma115,Mathematics,Math,Differential Equations for Engineers,IIT Madras,12 Weeks,"Jul 20, 2026","Oct 9, 2026","Oct 24, 2026","Jul 27, 2026","Aug 14, 2026",https://onlinecourses.nptel.ac.in/e-learning/preview/noc26_ma115,,,,
noc26-ma116,Mathematics,Math,Algebra 1: Foundations,IIT Madras,12 Weeks,"Jul 20, 2026","Oct 9, 2026","Oct 25, 2026","Jul 27, 2026","Aug 14, 2026",https://onlinecourses.nptel.ac.in/e-learning/preview/noc26_ma116,,,,
noc26-ma117,Mathematics,Math,Computational Commutative Algebra,IIT Madras,12 Weeks,"Jul 20, 2026","Oct 9, 2026","Oct 16, 2026","Jul 27, 2026","Aug 14, 2026",https://onlinecourses.nptel.ac.in/e-learning/preview/noc26_ma117,,,,
noc26-ma118,Mathematics,Math,Introduction To Algebraic Geometry,IIT Madras,12 Weeks,"Jul 20, 2026","Oct 9, 2026","Oct 17, 2026","Jul 27, 2026","Aug 14, 2026",https://onlinecourses.nptel.ac.in/e-learning/preview/noc26_ma118,,,,
noc26-ma119,Mathematics,Math,Probability Theory for Data Science,IIT Madras,12 Weeks,"Jul 20, 2026","Oct 9, 2026","Oct 18, 2026","Jul 27, 2026","Aug 14, 2026",https://onlinecourses.nptel.ac.in/e-learning/preview/noc26_ma119,,,,
noc26-ma120,Mathematics,Math,Introduction to Fourier Analysis,IIT Kanpur,12 Weeks,"Jul 20, 2026","Oct 9, 2026","Oct 23, 2026","Jul 27, 2026","Aug 14, 2026",https://onlinecourses.nptel.ac.in/e-learning/preview/noc26_ma120,,,,
noc26-ma121,Mathematics,Math,Ordinary Differential Equations,IIT Kanpur,12 Weeks,"Jul 20, 2026","Oct 9, 2026","Oct 24, 2026","Jul 27, 2026","Aug 14, 2026",https://onlinecourses.nptel.ac.in/e-learning/preview/noc26_ma121,,,,
noc26-ma122,Mathematics,Math,A Primer to Mathematical Optimization,IIT Kanpur,12 Weeks,"Jul 20, 2026","Oct 9, 2026","Oct 25, 2026","Jul 27, 2026","Aug 14, 2026",https://onlinecourses.nptel.ac.in/e-learning/preview/noc26_ma122,,,,
noc26-ma123,Mathematics,Math,Foundations of R Software,IIT Kanpur,12 Weeks,"Jul 20, 2026","Oct 9, 2026","Oct 16, 2026","Jul 27, 2026","Aug 14, 2026",https://onlinecourses.nptel.ac.in/e-learning/preview/noc26_ma123,,,,
noc26-ma124,Mathematics,Math,Category Theory,IIT Kanpur,12 Weeks,"Jul 20, 2026","Oct 9, 2026","Oct 23, 2026","Jul 27, 2026","Aug 14, 2026",https://onlinecourses.nptel.ac.in/e-learning/preview/noc26_ma124,,,,
noc26-ma125,Mathematics,Math,Geometry of Curves and Surfaces,IIT Kanpur,12 Weeks,"Jul 20, 2026","Oct 9, 2026","Oct 23, 2026","Jul 27, 2026","Aug 14, 2026",https://onlinecourses.nptel.ac.in/e-learning/preview/noc26_ma125,,,,
noc26-ma126,Mathematics,Math,Algebra - I,IIT Madras,12 Weeks,"Jul 20, 2026","Oct 9, 2026","Oct 24, 2026","Jul 27, 2026","Aug 14, 2026",https://onlinecourses.nptel.ac.in/e-learning/preview/noc26_ma126,,,,
noc26-ma127,Mathematics,Math,Real Analysis II,IIT Madras,12 Weeks,"Jul 20, 2026","Oct 9, 2026","Oct 25, 2026","Jul 27, 2026","Aug 14, 2026",https://onlinecourses.nptel.ac.in/e-learning/preview/noc26_ma127,,,,
noc26-ma128,Mathematics,Math,Multivariate Procedures with R (in Hindi Language),IIT Kanpur,12 Weeks,"Jul 20, 2026","Oct 9, 2026","Oct 25, 2026","Jul 27, 2026","Aug 14, 2026",https://onlinecourses.nptel.ac.in/e-learning/preview/noc26_ma128,,,,
noc26-ma130,Mathematics,Math,Advanced Calculus for Engineers,IIT Kharagpur,12 Weeks,"Jul 20, 2026","Oct 9, 2026","Oct 17, 2026","Jul 27, 2026","Aug 14, 2026",https://onlinecourses.nptel.ac.in/e-learning/preview/noc26_ma130,,,,
noc26-ma131,Mathematics,Math,Introductory Course in Real Analysis,IIT Kharagpur,12 Weeks,"Jul 20, 2026","Oct 9, 2026","Oct 18, 2026","Jul 27, 2026","Aug 14, 2026",https://onlinecourses.nptel.ac.in/e-learning/preview/noc26_ma131,,,,
noc26-ma132,Mathematics,Math,Advanced Theory of Ordinary Differential Equations,IIT Kharagpur,12 Weeks,"Jul 20, 2026","Oct 9, 2026","Oct 23, 2026","Jul 27, 2026","Aug 14, 2026",https://onlinecourses.nptel.ac.in/e-learning/preview/noc26_ma132,,,,
noc26-ma133,Mathematics,Math,Engineering Mathematics - I,IIT Kharagpur,12 Weeks,"Jul 20, 2026","Oct 9, 2026","Oct 24, 2026","Jul 27, 2026","Aug 14, 2026",https://onlinecourses.nptel.ac.in/e-learning/preview/noc26_ma133,,,,
noc26-ma136,Mathematics,Math,Rings and Modules,IIT Kharagpur,12 Weeks,"Jul 20, 2026","Oct 9, 2026","Oct 17, 2026","Jul 27, 2026","Aug 14, 2026",https://onlinecourses.nptel.ac.in/e-learning/preview/noc26_ma136,,,,
noc26-ma137,Mathematics,Math,Complex Analysis - IITM,IIT Madras,12 Weeks,"Jul 20, 2026","Oct 9, 2026","Oct 18, 2026","Jul 27, 2026","Aug 14, 2026",https://onlinecourses.nptel.ac.in/e-learning/preview/noc26_ma137,,,,
noc26-ma138,Mathematics,Math,Introduction to Probability Theory and Stochastic Processes (Tamil),IIT Delhi,12 Weeks,"Jul 20, 2026","Oct 9, 2026","Oct 23, 2026","Jul 27, 2026","Aug 14, 2026",https://onlinecourses.nptel.ac.in/e-learning/preview/noc26_ma138,,,,
noc26-ma141,Mathematics,Math,"Ordinary Differential Equations : Power series, eigenvalues and Green functions",IIT Kharagpur,4 Weeks,"Aug 17, 2026","Sep 11, 2026","Oct 25, 2026","Aug 17, 2026","Aug 28, 2026",https://onlinecourses.nptel.ac.in/e-learning/preview/noc26_ma141,,,,
noc26-ma142,Mathematics,Math,Commutative Algebra with a Viewpoint towards Algebraic Number Theory,IISc Bangalore,8 Weeks,"Aug 17, 2026","Oct 9, 2026","Oct 24, 2026","Aug 17, 2026","Aug 28, 2026",https://onlinecourses.nptel.ac.in/e-learning/preview/noc26_ma142,,,,
noc26-ma144,Mathematics,Math,C* Algebras and Spectral Theorem,IISc Bangalore,8 Weeks,"Aug 17, 2026","Oct 9, 2026","Oct 23, 2026","Aug 17, 2026","Aug 28, 2026",https://onlinecourses.nptel.ac.in/e-learning/preview/noc26_ma144,,,,
noc26-ma71,Mathematics,Math,The Geometry of Möbius Transformations,IIT Madras,12 Weeks,"Jul 20, 2026","Oct 9, 2026","Oct 25, 2026","Jul 27, 2026","Aug 14, 2026",https://onlinecourses.nptel.ac.in/e-learning/preview/noc26_ma71,,,,
noc26-ma72,Mathematics,Math,Introduction to Algebraic Structures,IISc Bangalore,12 Weeks,"Jul 20, 2026","Oct 9, 2026","Oct 25, 2026","Jul 27, 2026","Aug 14, 2026",https://onlinecourses.nptel.ac.in/e-learning/preview/noc26_ma72,,,,
noc26-ma73,Mathematics,Math,Multivariable Differential Calculus and Ordinary Differential Equations,IISc Bangalore,12 Weeks,"Jul 20, 2026","Oct 9, 2026","Oct 16, 2026","Jul 27, 2026","Aug 14, 2026",https://onlinecourses.nptel.ac.in/e-learning/preview/noc26_ma73,,,,
noc26-ma74,Mathematics,Math,Wavelets and Applications,IIT Madras,12 Weeks,"Jul 20, 2026","Oct 9, 2026","Oct 17, 2026","Jul 27, 2026","Aug 14, 2026",https://onlinecourses.nptel.ac.in/e-learning/preview/noc26_ma74,,,,
noc26-ma75,Mathematics,Math,Math Foundation,IIT Madras,12 Weeks,"Jul 20, 2026","Oct 9, 2026","Oct 17, 2026","Jul 27, 2026","Aug 14, 2026",https://onlinecourses.nptel.ac.in/e-learning/preview/noc26_ma75,,,,
noc26-ma77,Mathematics,Math,Complex Analysis,IIT Kanpur,12 Weeks,"Jul 20, 2026","Oct 9, 2026","Oct 25, 2026","Jul 27, 2026","Aug 14, 2026",https://onlinecourses.nptel.ac.in/e-learning/preview/noc26_ma77,,,,
noc26-ma79,Mathematics,Math,Fractals and Multifractals,IIT Guwahati,12 Weeks,"Jul 20, 2026","Oct 9, 2026","Oct 16, 2026","Jul 27, 2026","Aug 14, 2026",https://onlinecourses.nptel.ac.in/e-learning/preview/noc26_ma79,,,,
noc26-ma81,Mathematics,Math,Complex Analysis - I,IIT Guwahati,12 Weeks,"Jul 20, 2026","Oct 9, 2026","Oct 16, 2026","Jul 27, 2026","Aug 14, 2026",https://onlinecourses.nptel.ac.in/e-learning/preview/noc26_ma81,,,,
noc26-ma83,Mathematics,Math,Matrix Analysis with Applications,IIT Roorkee,8 Weeks,"Jul 20, 2026","Sep 11, 2026","Sep 20, 2026","Jul 27, 2026","Aug 14, 2026",https://onlinecourses.nptel.ac.in/e-learning/preview/noc26_ma83,,,,
noc26-ma84,Mathematics,Math,Numerical methods,IIT Roorkee,8 Weeks,"Jul 20, 2026","Sep 11, 2026","Sep 19, 2026","Jul 27, 2026","Aug 14, 2026",https://onlinecourses.nptel.ac.in/e-learning/preview/noc26_ma84,,,,
noc26-ma85,Mathematics,Math,Operations Research - IITR,IIT Roorkee,8 Weeks,"Jul 20, 2026","Sep 11, 2026","Sep 20, 2026","Jul 27, 2026","Aug 14, 2026",https://onlinecourses.nptel.ac.in/e-learning/preview/noc26_ma85,,,,
noc26-ma86,Mathematics,Math,Advanced Partial Differential Equations - (Part I: Distributions and Sobolev Spaces),IISc Bangalore,8 Weeks,"Jul 20, 2026","Sep 11, 2026","Sep 19, 2026","Jul 27, 2026","Aug 14, 2026",https://onlinecourses.nptel.ac.in/e-learning/preview/noc26_ma86,,,,
noc26-ma87,Mathematics,Math,First Course on Partial Differential Equations - II,IISc Bangalore,8 Weeks,"Jul 20, 2026","Sep 11, 2026","Sep 19, 2026","Jul 27, 2026","Aug 14, 2026",https://onlinecourses.nptel.ac.in/e-learning/preview/noc26_ma87,,,,
noc26-ma88,Mathematics,Math,"Calculus for Economics, Commerce and Management",IIT Bombay,8 Weeks,"Jul 20, 2026","Sep 11, 2026","Sep 19, 2026","Jul 27, 2026","Aug 14, 2026",https://onlinecourses.nptel.ac.in/e-learning/preview/noc26_ma88,,,,
noc26-ma89,Mathematics,Math,Point Set Topology,IIT Bombay,8 Weeks,"Jul 20, 2026","Sep 11, 2026","Sep 20, 2026","Jul 27, 2026","Aug 14, 2026",https://onlinecourses.nptel.ac.in/e-learning/preview/noc26_ma89,,,,
noc26-ma90,Mathematics,Math,Introduction to Abstract Group Theory,IIT Madras,8 Weeks,"Jul 20, 2026","Sep 11, 2026","Sep 19, 2026","Jul 27, 2026","Aug 14, 2026",https://onlinecourses.nptel.ac.in/e-learning/preview/noc26_ma90,,,,
noc26-ma91,Mathematics,Math,Calculus of One Real Variable,IIT Kanpur,8 Weeks,"Jul 20, 2026","Sep 11, 2026","Sep 20, 2026","Jul 27, 2026","Aug 14, 2026",https://onlinecourses.nptel.ac.in/e-learning/preview/noc26_ma91,,,,
noc26-ma92,Mathematics,Math,Calculus of Several Real Variables,IIT Kanpur,8 Weeks,"Jul 20, 2026","Sep 11, 2026","Sep 19, 2026","Jul 27, 2026","Aug 14, 2026",https://onlinecourses.nptel.ac.in/e-learning/preview/noc26_ma92,,,,
noc26-ma93,Mathematics,Math,Measure Theoretic Probability 1,IIT Kanpur,8 Weeks,"Jul 20, 2026","Sep 11, 2026","Sep 20, 2026","Jul 27, 2026","Aug 14, 2026",https://onlinecourses.nptel.ac.in/e-learning/preview/noc26_ma93,,,,
noc26-ma94,Mathematics,Math,Mathematical Methods In Physics 2,IIT Madras,8 Weeks,"Jul 20, 2026","Sep 11, 2026","Sep 19, 2026","Jul 27, 2026","Aug 14, 2026",https://onlinecourses.nptel.ac.in/e-learning/preview/noc26_ma94,,,,
noc26-ma95,Mathematics,Math,Introduction to Abstract and Linear Algebra,IIT Kharagpur,8 Weeks,"Jul 20, 2026","Sep 11, 2026","Sep 20, 2026","Jul 27, 2026","Aug 14, 2026",https://onlinecourses.nptel.ac.in/e-learning/preview/noc26_ma95,,,,
noc26-ma96,Mathematics,Math,Mathematical Methods and its Applications,IIT Roorkee,12 Weeks,"Jul 20, 2026","Oct 9, 2026","Oct 18, 2026","Jul 27, 2026","Aug 14, 2026",https://onlinecourses.nptel.ac.in/e-learning/preview/noc26_ma96,,,,
noc26-ma97,Mathematics,Math,Essential Mathematics for Machine Learning,IIT Roorkee,12 Weeks,"Jul 20, 2026","Oct 9, 2026","Oct 23, 2026","Jul 27, 2026","Aug 14, 2026",https://onlinecourses.nptel.ac.in/e-learning/preview/noc26_ma97,,,,
noc26-ma98,Mathematics,Math,Advanced Engineering Mathematics,IIT Roorkee,12 Weeks,"Jul 20, 2026","Oct 9, 2026","Oct 24, 2026","Jul 27, 2026","Aug 14, 2026",https://onlinecourses.nptel.ac.in/e-learning/preview/noc26_ma98,,,,
noc26-ma99,Mathematics,Math,EXCELing with Mathematical Modeling,IIT Roorkee,12 Weeks,"Jul 20, 2026","Oct 9, 2026","Oct 25, 2026","Jul 27, 2026","Aug 14, 2026",https://onlinecourses.nptel.ac.in/e-learning/preview/noc26_ma99,,,,
noc26-ma78,Mathematics & Computing,Math,Design and Analysis of Algorithms with Applications,IIT Kharagpur,12 Weeks,"Jul 20, 2026","Oct 9, 2026","Oct 25, 2026","Jul 27, 2026","Aug 14, 2026",https://onlinecourses.nptel.ac.in/e-learning/preview/noc26_ma78,,,,
noc26-ma80,Mathematics & Computing,Math,Introduction to Software Engineering: A Road Map to Reliable Software Development and Maintenance,IIT Kharagpur,12 Weeks,"Jul 20, 2026","Oct 9, 2026","Oct 17, 2026","Jul 27, 2026","Aug 14, 2026",https://onlinecourses.nptel.ac.in/e-learning/preview/noc26_ma80,,,,
noc26-ma145,Mathematics and Statistics,Math,Partial Differential Equations,IIT Kanpur,8 Weeks,"Aug 17, 2026","Oct 9, 2026","Oct 24, 2026","Aug 17, 2026","Aug 28, 2026",https://onlinecourses.nptel.ac.in/e-learning/preview/noc26_ma145,,,,
noc26-ma135,"Mathematics, Management",Math,Matrix Solver,IIT Kharagpur,12 Weeks,"Jul 20, 2026","Oct 9, 2026","Oct 16, 2026","Jul 27, 2026","Aug 14, 2026",https://onlinecourses.nptel.ac.in/e-learning/preview/noc26_ma135,,,,
,,,,,,,,,,,,,,,
,,,,,,,,,,,,,,,
,,,,,,,,,,,,,,,
,,,,,,,,,,,,,,,
